iter	RMSE
0	181172.9794
1	166627.7678
2	152357.4687
3	139588.1994
4	128334.202
5	117697.7259
6	108422.2014
7	99990.52901
8	92420.51314
9	85448.64297
10	79147.19086
11	73657.05588
12	68741.55592
13	64293.65186
