iter	Accuracy	CrossEntropy
0	0.8114478114	0.4860180649
1	0.8114478114	0.463407401
2	0.8193041526	0.4282599366
3	0.8372615039	0.4080567438
4	0.8204264871	0.405611105
5	0.8383838384	0.3981978161
6	0.8417508418	0.3941366731
7	0.8417508418	0.3899193063
8	0.8417508418	0.3859813585
9	0.8417508418	0.3856010011
10	0.8417508418	0.38135859
11	0.8428731762	0.3808830076
