iter	Accuracy	CrossEntropy
0	0.8249158249	0.6212820844
1	0.822671156	0.5640445255
2	0.8204264871	0.5220140772
3	0.8282828283	0.4880772861
4	0.8282828283	0.4723600811
5	0.8294051627	0.4557784707
6	0.8305274972	0.4424992754
7	0.8361391695	0.4355850934
8	0.8395061728	0.4275402164
9	0.8282828283	0.4195177027
10	0.8406285073	0.4162044247
11	0.8305274972	0.4120130414
12	0.8327721661	0.4091888809
