iter	RMSE
0	180439.5976
1	165536.1864
2	152182.0768
3	139274.7457
4	127661.1174
5	117464.7138
6	108236.9277
7	100288.4996
8	92426.06718
9	85589.42883
10	79987.31592
11	74543.69131
